{
  "final_equity": 8848.242401939757,
  "max_drawdown": -0.021931755766462557,
  "sharpe_approx": 1.002831928252717,
  "trades": 14,
  "win_rate": 0.5,
  "profit_factor": 1.478445819861605,
  "avg_pnl": 10.925602735340519,
  "median_pnl": -10.724347766843177,
  "avg_hold_bars": 32.285714285714285,
  "long_trades": 11,
  "short_trades": 3,
  "avg_size_mult": 0.874
}