{
  "final_equity": 9228.99018412657,
  "max_drawdown": -0.01879022303520239,
  "sharpe_approx": 0.9352757308944656,
  "trades": 17,
  "win_rate": 0.35294117647058826,
  "profit_factor": 1.3649417258565055,
  "avg_pnl": 10.818552978170926,
  "median_pnl": -24.040621544385377,
  "avg_hold_bars": 28.823529411764707,
  "long_trades": 14,
  "short_trades": 3,
  "avg_size_mult": 0.7437647058823529
}