{
  "run_id": "20260120_101441",
  "train_days": 180,
  "test_days": 90,
  "min_test_bars": 300,
  "windows": 27,
  "equity_start": 10000.0,
  "equity_end": 8675.587051757628,
  "return_total_pct": -0.13244129482423728,
  "profit_factor_mean": 0.8172006810107668,
  "profit_factor_median": 0.5480772057021561,
  "sharpe_mean": -1.1397465191582947,
  "dd_mean": -0.02189503862604674,
  "winrate_mean": 0.3682339265672599,
  "note": "Walk-forward corre solo sobre ventanas TEST (90d) y encadena equity entre ventanas."
}