{
  "final_equity": 9167.859055573568,
  "max_drawdown": -0.010634293188717336,
  "sharpe_approx": -2.182834964046697,
  "trades": 7,
  "win_rate": 0.2857142857142857,
  "profit_factor": 0.38421074480001394,
  "avg_pnl": -12.243839518145252,
  "median_pnl": -13.92302152566466,
  "avg_hold_bars": 20.0,
  "long_trades": 4,
  "short_trades": 3,
  "avg_size_mult": 0.7145714285714285
}