{
  "final_equity": 8886.382091215397,
  "max_drawdown": -0.04373845401183074,
  "sharpe_approx": -3.738223134306959,
  "trades": 21,
  "win_rate": 0.23809523809523808,
  "profit_factor": 0.3515580345542,
  "avg_pnl": -18.596431074083586,
  "median_pnl": -24.0853307213536,
  "avg_hold_bars": 31.952380952380953,
  "long_trades": 6,
  "short_trades": 15,
  "avg_size_mult": 0.6785714285714285
}