{
  "run_id": "20260122_101753",
  "train_days": 180,
  "test_days": 90,
  "min_test_bars": 300,
  "windows": 27,
  "active_windows": 17,
  "pct_active_windows": 0.6296296296296297,
  "win_windows": 7,
  "pct_win_windows": 0.25925925925925924,
  "trades_total": 30,
  "gross_profit_total": 1717.4128516094188,
  "gross_loss_total": 1239.2261346648768,
  "profit_factor_total": 1.3858752680953246,
  "equity_start": 10000.0,
  "equity_end": 10478.18671694454,
  "return_total_pct": 0.047818671694453974,
  "profit_factor_median_all": 0.0,
  "profit_factor_mean_all": 0.7349272890595873,
  "sharpe_mean_all": -0.4651688397227841,
  "dd_mean_all": -0.004182540611789637,
  "winrate_mean_all": 0.38725490196078427,
  "profit_factor_median_active": 0.0,
  "median_return_active": -0.0015184746696764728,
  "profit_factor_median_defined": 1.1400775797058145,
  "profit_factor_mean_defined": 2.939709156238349,
  "config_used": {
    "direction": "long_only",
    "confirm_mode": "next_close",
    "confirm_buffer": 0.0005,
    "pullback_level": "channel",
    "adx_min_4h": 30.0,
    "atr_exp_mult": 1.05,
    "breakout_buffer": 0.001,
    "min_atr_ratio": 0.0015,
    "atr_trail_mult": 3.0,
    "tp_r_mult": 2.0,
    "time_stop_bars": 72,
    "fee_bps": 7.5,
    "slippage_bps": 2.0
  },
  "note": "PF median puede ser 0 con pocas operaciones por ventana. Mirar profit_factor_total, median_defined y pct_win_windows."
}