{
  "final_equity": 9641.713547827869,
  "max_drawdown": -0.03482328765728271,
  "sharpe_approx": -1.457409351077537,
  "trades": 12,
  "win_rate": 0.16666666666666666,
  "profit_factor": 0.5373657831861602,
  "avg_pnl": -19.286577314240272,
  "median_pnl": -34.8019871707156,
  "avg_hold_bars": 28.166666666666668,
  "long_trades": 5,
  "short_trades": 7,
  "avg_size_mult": 0.7239999999999999,
  "entry_limit_fills": 11,
  "entry_fallback_market": 1
}