{
  "final_equity": 8958.99413870311,
  "max_drawdown": -0.05986768195037495,
  "sharpe_approx": -3.642101717463108,
  "trades": 18,
  "win_rate": 0.16666666666666666,
  "profit_factor": 0.3345236982496536,
  "avg_pnl": -25.291275153901932,
  "median_pnl": -40.58139186194839,
  "avg_hold_bars": 23.38888888888889,
  "long_trades": 11,
  "short_trades": 7,
  "avg_size_mult": 0.7250000000000001
}