{
  "run_id": "20260122_095901",
  "train_days": 180,
  "test_days": 90,
  "min_test_bars": 300,
  "windows": 27,
  "active_windows": 10,
  "pct_active_windows": 0.37037037037037035,
  "win_windows": 7,
  "pct_win_windows": 0.25925925925925924,
  "trades_total": 14,
  "gross_profit_total": 1224.3141841199574,
  "gross_loss_total": 122.56570858452233,
  "profit_factor_total": 9.989043414012169,
  "equity_start": 10000.0,
  "equity_end": 11101.748475535434,
  "return_total_pct": 0.11017484755354334,
  "profit_factor_median_all": 0.0,
  "profit_factor_mean_all": 12.421035102508517,
  "sharpe_mean_all": 0.9006583931484862,
  "dd_mean_all": -0.0004189737830994695,
  "winrate_mean_all": 0.65,
  "profit_factor_median_active": 0.0,
  "median_return_active": 0.010054716967307642,
  "profit_factor_median_defined": 49.68414041003407,
  "profit_factor_mean_defined": 49.68414041003407,
  "config_used": {
    "direction": "long_only",
    "confirm_buffer": 0.0005,
    "pullback_level": "channel",
    "adx_min_4h": 30.0,
    "atr_exp_mult": 1.05,
    "breakout_buffer": 0.001,
    "min_atr_ratio": 0.0015,
    "atr_trail_mult": 3.0,
    "tp_r_mult": 2.0,
    "time_stop_bars": 72,
    "fee_bps": 7.5,
    "slippage_bps": 2.0
  },
  "note": "PF median puede ser 0 en ventanas con solo p\u00e9rdidas (sin wins). Usar profit_factor_total y profit_factor_median_defined para leer robustez."
}