{
  "final_equity": 10138.286209878246,
  "max_drawdown": -0.013499191544756761,
  "sharpe_approx": -0.9590899659229515,
  "trades": 9,
  "win_rate": 0.2222222222222222,
  "profit_factor": 0.6632564316133471,
  "avg_pnl": -10.458299799739251,
  "median_pnl": -26.063752261614706,
  "avg_hold_bars": 19.11111111111111,
  "long_trades": 8,
  "short_trades": 1,
  "avg_size_mult": 0.5539999999999999
}